Time,Demand_Percentage(%),Prediction_Horizon(min),CAV_Penetration(%),Eco_Routing_with_Travel_Time(0/1),Overall_Travel_Time(s),Overall_Fuel_Used(gallon),Overall_Electricity_Used(kWh),Overall_Fuel_Cost($),Overall_Electricity_Cost($),Travel_Time_ICE(s),Travel_Time_BEV(s),Travel_Time_PHEV(s),Travel_Time_HFCV(s),Travel_Time_ICE_NONCAV(s),Travel_Time_BEV_NONCAV(s),Travel_Time_PHEV_NONCAV(s),Travel_Time_HFCV_NONCAV(s),Fuel_Used_ICE(gallon),Fuel_Used_BEV(gallon),Fuel_Used_PHEV(gallon),Fuel_Used_HFCV(gallon),Fuel_Used_ICE_NONCAV(gallon),Fuel_Used_BEV_NONCAV(gallon),Fuel_Used_PHEV_NONCAV(gallon),Fuel_Used_HFCV_NONCAV(gallon),Electricity_Used_ICE(kWh),Electricity_Used_BEV(kWh),Electricity_Used_PHEV(kWh),Electricity_Used_HFCV(kWh),Electricity_Used_ICE_NONCAV(kWh),Electricity_Used_BEV_NONCAV(kWh),Electricity_Used_PHEV_NONCAV(kWh),Electricity_Used_HFCV_NONCAV(kWh)
2.02307E+13,10,0,100,0,1.19E+06,0.00200571,4333.18,0.00701999,1083.29,0,0,612501,0,0,0,580203,0,0,0,0.00085528,0,0,0,0.00115043,0,0,0,2154.99,0,0,0,2178.19,0
2.02307E+13,10,0,100,0,1.19E+06,291.023,314.358,1018.58,78.5895,0,0,612501,0,0,0,580203,0,0,0,145.275,0,0,0,145.749,0,0,0,160.463,0,0,0,153.895,0
2.02307E+13,100,0,100,0,5.04E+07,11203.5,3483.43,39212.4,870.858,4.73E+07,1.50E+06,1.08E+06,560530,0,0,0,0,11203.5,0,0.00305086,0,0,0,0,0,0,1623.37,1242.76,617.293,0,0,0,0
20230718160506,100,0,10,0,1.91238e+07,4908.41,1946.91,17179.4,486.727,1.88257e+06,68644,36871,15461,1.59946e+07,542752,385782,197094,512.306,0,9.36926e-05,0,4396.1,0,0.00158995,0,0,104.731,57.3669,26.9016,0,793.501,680.934,283.472
20230718160734,100,1,10,0,1.91238e+07,4908.41,1946.91,17179.4,486.727,1.88257e+06,68644,36871,15461,1.59946e+07,542752,385782,197094,512.306,0,9.36926e-05,0,4396.1,0,0.00158995,0,0,104.731,57.3669,26.9016,0,793.501,680.934,283.472
20230718160940,100,2,10,0,1.65501e+07,4319.66,1741.16,15118.8,435.29,1.63552e+06,60794,30506,13214,1.38365e+07,465833,336710,170986,453.118,0,9.36926e-05,0,3866.54,0,0.00149026,0,0,93.4364,49.6275,21.6848,0,705.838,616.681,253.892
20230718161444,100,0,100,0,5.04397e+07,11203.5,3483.43,39212.4,870.858,4.73022e+07,1.50023e+06,1.0767e+06,560530,0,0,0,0,11203.5,0,0.00305086,0,0,0,0,0,0,1623.37,1242.76,617.293,0,0,0,0
